{"type":"Game","@id":1,"idGame":1,"board":{"type":"Board","@id":2,"plateau":[[{"type":"Pawn","@id":3,"x":0,"y":0,"hasBall":false,"color":"Yellow"},{"type":"Pawn","@id":4,"x":0,"y":1,"hasBall":false,"color":"Yellow"},{"type":"Pawn","@id":5,"x":0,"y":2,"hasBall":false,"color":"Yellow"},{"type":"Pawn","@id":6,"x":0,"y":3,"hasBall":false,"color":"Yellow"},null,{"type":"Pawn","@id":7,"x":0,"y":5,"hasBall":false,"color":"Yellow"},null],[null,null,null,null,null,null,{"type":"Pawn","@id":8,"x":1,"y":6,"hasBall":false,"color":"Yellow"}],[null,null,null,null,null,null,null],[null,null,null,null,null,null,null],[null,null,null,null,null,null,{"type":"Pawn","@id":9,"x":4,"y":6,"hasBall":false,"color":"Green"}],[null,null,{"type":"Pawn","@id":10,"x":5,"y":2,"hasBall":true,"color":"Green"},null,{"type":"Pawn","@id":11,"x":5,"y":4,"hasBall":false,"color":"Green"},null,null],[{"type":"Pawn","@id":12,"x":6,"y":0,"hasBall":false,"color":"Green"},null,{"type":"Pawn","@id":13,"x":6,"y":2,"hasBall":false,"color":"Green"},{"type":"Pawn","@id":14,"x":6,"y":3,"hasBall":false,"color":"Green"},{"type":"Pawn","@id":15,"x":6,"y":4,"hasBall":false,"color":"Green"},{"type":"Pawn","@id":16,"x":6,"y":5,"hasBall":true,"color":"Yellow"},null]],"list":[3,4,5,6,7,8,9,10,11,12,13,14,15,16]},"nbAction":0,"numTurn":16,"color":"Green","hasIA":true,"save":[{"type":"MovePion","@id":17,"oldX":0,"oldY":5,"newX":1,"newY":5},{"type":"MovePion","@id":18,"oldX":1,"oldY":5,"newX":2,"newY":5},{"type":"MovePion","@id":19,"oldX":2,"oldY":5,"newX":3,"newY":5},{"type":"MovePion","@id":20,"oldX":6,"oldY":6,"newX":5,"newY":6},{"type":"MoveBall","@id":21,"oldX":6,"oldY":3,"newX":6,"newY":4},{"type":"MovePion","@id":22,"oldX":5,"oldY":6,"newX":6,"newY":6},{"type":"MovePion","@id":23,"oldX":3,"oldY":5,"newX":4,"newY":5},{"type":"MovePion","@id":24,"oldX":4,"oldY":5,"newX":5,"newY":5},{"type":"MovePion","@id":25,"oldX":5,"oldY":5,"newX":5,"newY":4},{"type":"MoveBall","@id":26,"oldX":6,"oldY":4,"newX":6,"newY":3},{"type":"MovePion","@id":27,"oldX":6,"oldY":1,"newX":5,"newY":1},{"type":"MoveBall","@id":28,"oldX":6,"oldY":3,"newX":6,"newY":4},{"type":"MovePion","@id":29,"oldX":5,"oldY":4,"newX":5,"newY":3},{"type":"MovePion","@id":30,"oldX":5,"oldY":3,"newX":5,"newY":2},{"type":"MovePion","@id":31,"oldX":5,"oldY":2,"newX":5,"newY":3},{"type":"MovePion","@id":32,"oldX":6,"oldY":6,"newX":5,"newY":6},{"type":"MovePion","@id":33,"oldX":5,"oldY":6,"newX":4,"newY":6},{"type":"MoveBall","@id":34,"oldX":6,"oldY":4,"newX":4,"newY":6},{"type":"MovePion","@id":35,"oldX":5,"oldY":3,"newX":5,"newY":4},{"type":"MovePion","@id":36,"oldX":5,"oldY":4,"newX":5,"newY":5},{"type":"MovePion","@id":37,"oldX":5,"oldY":5,"newX":5,"newY":6},{"type":"MovePion","@id":38,"oldX":5,"oldY":1,"newX":5,"newY":0},{"type":"MovePion","@id":39,"oldX":6,"oldY":0,"newX":6,"newY":1},{"type":"MovePion","@id":40,"oldX":6,"oldY":1,"newX":5,"newY":1},{"type":"MovePion","@id":41,"oldX":5,"oldY":6,"newX":6,"newY":6},{"type":"MovePion","@id":42,"oldX":0,"oldY":4,"newX":0,"newY":5},{"type":"MoveBall","@id":43,"oldX":0,"oldY":3,"newX":0,"newY":5},{"type":"MovePion","@id":44,"oldX":5,"oldY":1,"newX":5,"newY":2},{"type":"MoveBall","@id":45,"oldX":4,"oldY":6,"newX":6,"newY":4},{"type":"MovePion","@id":46,"oldX":6,"oldY":5,"newX":5,"newY":5},{"type":"MovePion","@id":47,"oldX":6,"oldY":6,"newX":6,"newY":5},{"type":"MovePion","@id":48,"oldX":0,"oldY":6,"newX":1,"newY":6},{"type":"MovePion","@id":49,"oldX":1,"oldY":6,"newX":2,"newY":6},{"type":"MovePion","@id":50,"oldX":4,"oldY":6,"newX":4,"newY":5},{"type":"MovePion","@id":51,"oldX":5,"oldY":5,"newX":5,"newY":4},{"type":"MoveBall","@id":52,"oldX":6,"oldY":4,"newX":5,"newY":4},{"type":"MovePion","@id":53,"oldX":6,"oldY":5,"newX":6,"newY":6},{"type":"MovePion","@id":54,"oldX":2,"oldY":6,"newX":1,"newY":6},{"type":"MoveBall","@id":55,"oldX":0,"oldY":5,"newX":1,"newY":6},{"type":"MovePion","@id":56,"oldX":5,"oldY":0,"newX":6,"newY":0},{"type":"MovePion","@id":57,"oldX":4,"oldY":5,"newX":4,"newY":6},{"type":"MoveBall","@id":58,"oldX":5,"oldY":4,"newX":5,"newY":2},{"type":"MovePion","@id":59,"oldX":6,"oldY":6,"newX":6,"newY":5},{"type":"MoveBall","@id":60,"oldX":1,"oldY":6,"newX":0,"newY":5},{"type":"MoveBall","@id":61,"oldX":0,"oldY":5,"newX":6,"newY":5}],"undo":[],"gameBoard":2,"joueur1":{"type":"Humain","@id":62,"name":"Antoine","color":"Yellow"},"joueur2":{"type":"IA","@id":63,"color":"Green","level":{"type":"Noob","@id":64},"name":"Computer"}}