{"type":"Game","@id":1,"idGame":5,"board":{"type":"Board","@id":2,"plateau":[[{"type":"Pawn","@id":3,"x":0,"y":0,"hasBall":false,"color":"Yellow"},{"type":"Pawn","@id":4,"x":0,"y":1,"hasBall":false,"color":"Yellow"},{"type":"Pawn","@id":5,"x":0,"y":2,"hasBall":false,"color":"Yellow"},{"type":"Pawn","@id":6,"x":0,"y":3,"hasBall":true,"color":"Yellow"},{"type":"Pawn","@id":7,"x":0,"y":4,"hasBall":false,"color":"Yellow"},{"type":"Pawn","@id":8,"x":0,"y":5,"hasBall":false,"color":"Yellow"},null],[null,null,null,null,null,null,null],[null,null,null,null,null,null,null],[null,null,null,null,null,null,{"type":"Pawn","@id":9,"x":3,"y":6,"hasBall":false,"color":"Yellow"}],[null,null,null,null,null,null,null],[null,null,null,null,{"type":"Pawn","@id":10,"x":5,"y":4,"hasBall":true,"color":"Green"},{"type":"Pawn","@id":11,"x":5,"y":5,"hasBall":false,"color":"Green"},null],[{"type":"Pawn","@id":12,"x":6,"y":0,"hasBall":false,"color":"Green"},{"type":"Pawn","@id":13,"x":6,"y":1,"hasBall":false,"color":"Green"},{"type":"Pawn","@id":14,"x":6,"y":2,"hasBall":false,"color":"Green"},{"type":"Pawn","@id":15,"x":6,"y":3,"hasBall":false,"color":"Green"},null,null,{"type":"Pawn","@id":16,"x":6,"y":6,"hasBall":false,"color":"Green"}]],"list":[3,4,5,6,7,8,9,10,11,12,13,14,15,16]},"nbAction":0,"numTurn":3,"color":"Yellow","hasIA":false,"save":[{"type":"MovePion","@id":17,"oldX":0,"oldY":6,"newX":1,"newY":6},{"type":"MovePion","@id":18,"oldX":1,"oldY":6,"newX":2,"newY":6},{"type":"MovePion","@id":19,"oldX":2,"oldY":6,"newX":3,"newY":6},{"type":"MovePion","@id":20,"oldX":6,"oldY":4,"newX":5,"newY":4},{"type":"MoveBall","@id":21,"oldX":6,"oldY":3,"newX":5,"newY":4},{"type":"MovePion","@id":22,"oldX":6,"oldY":5,"newX":5,"newY":5}],"undo":[],"gameBoard":2,"joueur1":{"type":"Humain","@id":23,"name":"Antoine","color":"Yellow"},"joueur2":{"type":"Humain","@id":24,"name":"Adrien","color":"Green"}}